
<entities xmlns:xsd="http://www.w3.org/2001/XMLSchema" xmlns:xsi="http://www.w3.org/2001/XMLSchema-instance" timestamp="2024-04-29T20:04:36.8415442Z">
  <entity name="yp_cosmos_query" displayname="Cosmos Query">
    <records>
      <record id="3962a084-d405-ef11-9f89-000d3ac038da">
        <field name="yp_description" value="⚡Installments where Date is Greater Then" />
        <field name="yp_query" value="SELECT COUNT(d) AS installments&#xA;FROM p&#xA;JOIN d IN p.props.yp_data&#xA;WHERE d.i_date &amp;gt;= &amp;#39;2024-06-01&amp;#39;" />
        <field name="yp_table" value="yp_elastic_purchase" />
      </record>
      <record id="3daf8617-d205-ef11-9f89-002248362092">
        <field name="yp_description" value="⚡First Data" />
        <field name="yp_query" value="select top 1 p.props.yp_data as data from p" />
        <field name="yp_table" value="yp_elastic_purchase" />
      </record>
      <record id="e4486644-5906-ef11-9f89-002248362092">
        <field name="yp_description" value="⚡Installments where Paid is False" />
        <field name="yp_query" value="select c.props.yp_elastic_purchaseid as id from c join d in c.props.yp_data where d.i_paid = false" />
        <field name="yp_table" value="yp_elastic_purchase" />
      </record>
      <record id="9470a482-5906-ef11-9f89-002248362092">
        <field name="yp_description" value="⚡Installments where SUM, MIN, AVG and MAX" />
        <field name="yp_query" value="SELECT SUM(d.i_value) AS iSum, MIN(d.i_value) AS iMin, AVG(d.i_value) AS iAvg, MAX(d.i_value) AS iMax&#xA;FROM p&#xA;JOIN d IN p.props.yp_data" />
        <field name="yp_table" value="yp_elastic_purchase" />
      </record>
      <record id="3060779a-5a06-ef11-9f89-002248362092">
        <field name="yp_description" value="⚡Purchase SUM" />
        <field name="yp_query" value="SELECT SUM(p.props.yp_value) as Sum FROM p" />
        <field name="yp_table" value="yp_elastic_purchase" />
      </record>
      <record id="25e52b44-d305-ef11-9f89-6045bd39cc43">
        <field name="yp_description" value="⚡Installments where Paid is True" />
        <field name="yp_query" value="select c.props.yp_elastic_purchaseid as id from c join d in c.props.yp_data where d.i_paid = true" />
        <field name="yp_table" value="yp_elastic_purchase" />
      </record>
    </records>
    <m2mrelationships />
  </entity>
</entities>