<customapi uniquename="yp_customapi_getcustomerdata">
  <allowedcustomprocessingsteptype>0</allowedcustomprocessingsteptype>
  <bindingtype>0</bindingtype>
  <description default="⚡Custom API - Get Customer Data">
    <label description="⚡Custom API - Get Customer Data" languagecode="1033" />
  </description>
  <displayname default="⚡Custom API - Get Customer Data">
    <label description="⚡Custom API - Get Customer Data" languagecode="1033" />
  </displayname>
  <iscustomizable>1</iscustomizable>
  <isfunction>0</isfunction>
  <isprivate>0</isprivate>
  <name>yp_customapi_getcustomerdata</name>
  <workflowsdkstepenabled>0</workflowsdkstepenabled>
</customapi>