<appaction uniquename="yp__AISupport!e3be78fa55644946835ba47e78218261!yp_yopowerLearningUseCase!yp_ticket!0">
  <appmoduleid>
    <uniquename>yp_yopowerLearningUseCase</uniquename>
  </appmoduleid>
  <buttonlabeltext default="AI Support">
    <label description="AI Support" languagecode="1033" />
  </buttonlabeltext>
  <context>1</context>
  <contextentity>
    <logicalname>yp_ticket</logicalname>
  </contextentity>
  <contextvalue>yp_ticket</contextvalue>
  <hidden>0</hidden>
  <iconwebresourceid>
    <webresourceid>278b1212-9d1f-ef11-840a-002248e0bb0f</webresourceid>
  </iconwebresourceid>
  <iscustomizable>1</iscustomizable>
  <isdisabled>0</isdisabled>
  <isgrouptitlehidden>0</isgrouptitlehidden>
  <location>0</location>
  <name>AISupport!e3be78fa55644946835ba47e78218261</name>
  <onclickeventtype>0</onclickeventtype>
  <origin>0</origin>
  <sequence>1.0000000000</sequence>
  <statecode>0</statecode>
  <statuscode>1</statuscode>
  <type>1</type>
  <visibilitytype>0</visibilitytype>
</appaction>