<appaction uniquename="yp__Reply!550768d3e50a476f800c51174d257e68!yp_yopowerLearningUseCase!yp_ticket!0">
  <appmoduleid>
    <uniquename>yp_yopowerLearningUseCase</uniquename>
  </appmoduleid>
  <buttonlabeltext default="Reply">
    <label description="Reply" languagecode="1033" />
  </buttonlabeltext>
  <context>1</context>
  <contextentity>
    <logicalname>yp_ticket</logicalname>
  </contextentity>
  <contextvalue>yp_ticket</contextvalue>
  <hidden>0</hidden>
  <iconwebresourceid>
    <webresourceid>1316f45f-d73b-ee11-bdf2-000d3a334de7</webresourceid>
  </iconwebresourceid>
  <iscustomizable>1</iscustomizable>
  <isdisabled>0</isdisabled>
  <isgrouptitlehidden>0</isgrouptitlehidden>
  <location>0</location>
  <name>Reply!550768d3e50a476f800c51174d257e68</name>
  <onclickeventformulacomponentlibraryid>
    <name>yp_yopowerlearningusecasedefaultcommandlibrary_ac5ca</name>
  </onclickeventformulacomponentlibraryid>
  <onclickeventformulacomponentname>b0f0584463f74f2bb9f2d0aaa4b4aa93</onclickeventformulacomponentname>
  <onclickeventformulafunctionname>OnSelect</onclickeventformulafunctionname>
  <onclickeventtype>1</onclickeventtype>
  <origin>0</origin>
  <parentappactionid>
    <uniquename>yp__AI!0daadde634da42708f259882e108d9a0!yp_yopowerLearningUseCase!yp_ticket!0</uniquename>
  </parentappactionid>
  <sequence>5000.0000000000</sequence>
  <statecode>0</statecode>
  <statuscode>1</statuscode>
  <type>0</type>
  <visibilitytype>0</visibilitytype>
</appaction>