<appaction uniquename="yp__Summarize!6ce23852dab94501ade3d75fd78cad7c!yp_yopowerLearningUseCase!yp_ticket!0">
  <appmoduleid>
    <uniquename>yp_yopowerLearningUseCase</uniquename>
  </appmoduleid>
  <buttonlabeltext default="Summarize">
    <label description="Summarize" languagecode="1033" />
  </buttonlabeltext>
  <context>1</context>
  <contextentity>
    <logicalname>yp_ticket</logicalname>
  </contextentity>
  <contextvalue>yp_ticket</contextvalue>
  <hidden>0</hidden>
  <iconwebresourceid>
    <webresourceid>1316f45f-d73b-ee11-bdf2-000d3a334de7</webresourceid>
  </iconwebresourceid>
  <iscustomizable>1</iscustomizable>
  <isdisabled>0</isdisabled>
  <isgrouptitlehidden>0</isgrouptitlehidden>
  <location>0</location>
  <name>Summarize!6ce23852dab94501ade3d75fd78cad7c</name>
  <onclickeventformulacomponentlibraryid>
    <name>yp_yopowerlearningusecasedefaultcommandlibrary_ac5ca</name>
  </onclickeventformulacomponentlibraryid>
  <onclickeventformulacomponentname>ac89e96767614863b63946767ebb6a1d</onclickeventformulacomponentname>
  <onclickeventformulafunctionname>OnSelect</onclickeventformulafunctionname>
  <onclickeventtype>1</onclickeventtype>
  <origin>0</origin>
  <parentappactionid>
    <uniquename>yp__AI!0daadde634da42708f259882e108d9a0!yp_yopowerLearningUseCase!yp_ticket!0</uniquename>
  </parentappactionid>
  <sequence>10000.0000000000</sequence>
  <statecode>0</statecode>
  <statuscode>1</statuscode>
  <type>0</type>
  <visibilityformulacomponentlibraryid>
    <name>yp_yopowerlearningusecasedefaultcommandlibrary_ac5ca</name>
  </visibilityformulacomponentlibraryid>
  <visibilityformulacomponentname>ac89e96767614863b63946767ebb6a1d</visibilityformulacomponentname>
  <visibilityformulafunctionname>Visible</visibilityformulafunctionname>
  <visibilitytype>1</visibilitytype>
</appaction>