<ImportExportXml version="9.2.24043.188" SolutionPackageVersion="9.2" languagecode="1033" generatedBy="CrmLive" xmlns:xsi="http://www.w3.org/2001/XMLSchema-instance">
  <SolutionManifest>
    <UniqueName>yopower_elasticqueries</UniqueName>
    <LocalizedNames>
      <LocalizedName description="🟣yopower - Elastic Queries" languagecode="1033" />
    </LocalizedNames>
    <Descriptions />
    <Version>1.0.0.0</Version>
    <Managed>1</Managed>
    <Publisher>
      <UniqueName>yopower</UniqueName>
      <LocalizedNames>
        <LocalizedName description="yopower" languagecode="1033" />
      </LocalizedNames>
      <Descriptions />
      <EMailAddress>vinicius@yopower.com.br</EMailAddress>
      <SupportingWebsiteUrl>https://www.yopower.com.br</SupportingWebsiteUrl>
      <CustomizationPrefix>yp</CustomizationPrefix>
      <CustomizationOptionValuePrefix>10000</CustomizationOptionValuePrefix>
      <Addresses>
        <Address>
          <AddressNumber>1</AddressNumber>
          <AddressTypeCode>1</AddressTypeCode>
          <City xsi:nil="true"></City>
          <County xsi:nil="true"></County>
          <Country xsi:nil="true"></Country>
          <Fax xsi:nil="true"></Fax>
          <FreightTermsCode xsi:nil="true"></FreightTermsCode>
          <ImportSequenceNumber xsi:nil="true"></ImportSequenceNumber>
          <Latitude xsi:nil="true"></Latitude>
          <Line1 xsi:nil="true"></Line1>
          <Line2 xsi:nil="true"></Line2>
          <Line3 xsi:nil="true"></Line3>
          <Longitude xsi:nil="true"></Longitude>
          <Name xsi:nil="true"></Name>
          <PostalCode xsi:nil="true"></PostalCode>
          <PostOfficeBox xsi:nil="true"></PostOfficeBox>
          <PrimaryContactName xsi:nil="true"></PrimaryContactName>
          <ShippingMethodCode>1</ShippingMethodCode>
          <StateOrProvince xsi:nil="true"></StateOrProvince>
          <Telephone1 xsi:nil="true"></Telephone1>
          <Telephone2 xsi:nil="true"></Telephone2>
          <Telephone3 xsi:nil="true"></Telephone3>
          <TimeZoneRuleVersionNumber xsi:nil="true"></TimeZoneRuleVersionNumber>
          <UPSZone xsi:nil="true"></UPSZone>
          <UTCOffset xsi:nil="true"></UTCOffset>
          <UTCConversionTimeZoneCode xsi:nil="true"></UTCConversionTimeZoneCode>
        </Address>
        <Address>
          <AddressNumber>2</AddressNumber>
          <AddressTypeCode>1</AddressTypeCode>
          <City xsi:nil="true"></City>
          <County xsi:nil="true"></County>
          <Country xsi:nil="true"></Country>
          <Fax xsi:nil="true"></Fax>
          <FreightTermsCode xsi:nil="true"></FreightTermsCode>
          <ImportSequenceNumber xsi:nil="true"></ImportSequenceNumber>
          <Latitude xsi:nil="true"></Latitude>
          <Line1 xsi:nil="true"></Line1>
          <Line2 xsi:nil="true"></Line2>
          <Line3 xsi:nil="true"></Line3>
          <Longitude xsi:nil="true"></Longitude>
          <Name xsi:nil="true"></Name>
          <PostalCode xsi:nil="true"></PostalCode>
          <PostOfficeBox xsi:nil="true"></PostOfficeBox>
          <PrimaryContactName xsi:nil="true"></PrimaryContactName>
          <ShippingMethodCode>1</ShippingMethodCode>
          <StateOrProvince xsi:nil="true"></StateOrProvince>
          <Telephone1 xsi:nil="true"></Telephone1>
          <Telephone2 xsi:nil="true"></Telephone2>
          <Telephone3 xsi:nil="true"></Telephone3>
          <TimeZoneRuleVersionNumber xsi:nil="true"></TimeZoneRuleVersionNumber>
          <UPSZone xsi:nil="true"></UPSZone>
          <UTCOffset xsi:nil="true"></UTCOffset>
          <UTCConversionTimeZoneCode xsi:nil="true"></UTCConversionTimeZoneCode>
        </Address>
      </Addresses>
    </Publisher>
    <RootComponents>
      <RootComponent type="1" schemaName="yp_cosmos_query" behavior="0" />
      <RootComponent type="1" schemaName="yp_cosmos_result" behavior="0" />
      <RootComponent type="1" schemaName="yp_elastic_purchase" behavior="0" />
      <RootComponent type="61" schemaName="yp_cosmos_query_svg" behavior="0" />
      <RootComponent type="61" schemaName="yp_cosmos_result_svg" behavior="0" />
      <RootComponent type="61" schemaName="yp_elastic_purchase_svg" behavior="0" />
      <RootComponent type="61" schemaName="yp_logo_black_png" behavior="0" />
      <RootComponent type="61" schemaName="yp_logo_png" behavior="0" />
      <RootComponent type="61" schemaName="yp_logo_svg" behavior="0" />
      <RootComponent type="62" schemaName="yp_ElasticQueryStudio" behavior="0" />
      <RootComponent type="80" schemaName="yp_ElasticQueryStudio" behavior="0" />
      <RootComponent type="91" id="{bc154b59-d8b7-4460-a67d-3fb297f172ff}" schemaName="yopower_elastic_queries, Version=0.1.0.0, Culture=neutral, PublicKeyToken=35ea4f843cfb5138" behavior="0" />
      <RootComponent type="92" id="{cc46e784-7805-ef11-9f89-000d3ac038da}" behavior="0" />
      <RootComponent type="300" schemaName="yp_elasticqueries_581cf" behavior="0" />
    </RootComponents>
    <MissingDependencies>
      <MissingDependency>
        <Required type="181" schemaName="NonRelational Data Provider" displayName="NonRelational Data Provider" solution="NonRelationalDataProvider (9.1.0.106)" id="{1d9bde74-9ebd-4da9-8ff5-aa74945b9f74}" />
        <Dependent type="1" schemaName="yp_elastic_purchase" displayName="Elastic Purchase" />
      </MissingDependency>
      <MissingDependency>
        <Required type="183" schemaName="NonRelational Data Provider" displayName="NonRelational Data Provider" solution="NonRelationalDataProvider (9.1.0.106)" id="{19897b6e-b2c2-461c-8f32-5a2413028030}" />
        <Dependent type="1" schemaName="yp_elastic_purchase" displayName="Elastic Purchase" />
      </MissingDependency>
      <MissingDependency>
        <Required type="SettingDefinition" displayName="AppChannel" solution="msdyn_AppFrameworkInfraExtensions (1.0.0.9)" id.uniquename="AppChannel" />
        <Dependent type="AppSetting" displayName="parentappmoduleid.uniquename=yp_ElasticQueryStudio,settingdefinitionid.uniquename=AppChannel" id.parentappmoduleid.uniquename="yp_ElasticQueryStudio" id.settingdefinitionid.uniquename="AppChannel" />
      </MissingDependency>
    </MissingDependencies>
  </SolutionManifest>
</ImportExportXml>