<customapi uniquename="yp_get_elastic_tables">
  <allowedcustomprocessingsteptype>0</allowedcustomprocessingsteptype>
  <bindingtype>0</bindingtype>
  <description default="⚡Get Elastic Tables">
    <label description="⚡Get Elastic Tables" languagecode="1033" />
  </description>
  <displayname default="⚡Get Elastic Tables">
    <label description="⚡Get Elastic Tables" languagecode="1033" />
  </displayname>
  <iscustomizable>1</iscustomizable>
  <isfunction>0</isfunction>
  <isprivate>0</isprivate>
  <name>yp_get_elastic_tables</name>
  <plugintypeid>
    <plugintypeexportkey>f56ef18f-ca2c-49f7-9655-49693693d31a</plugintypeexportkey>
  </plugintypeid>
  <workflowsdkstepenabled>0</workflowsdkstepenabled>
</customapi>