<ImportExportXml version="9.2.24062.148" SolutionPackageVersion="9.2" languagecode="1033" generatedBy="CrmLive" xmlns:xsi="http://www.w3.org/2001/XMLSchema-instance">
  <SolutionManifest>
    <UniqueName>yopower_learning_plugins</UniqueName>
    <LocalizedNames>
      <LocalizedName description="🟣yopower - Learning Plugins" languagecode="1033" />
    </LocalizedNames>
    <Descriptions />
    <Version>1.0.0.1</Version>
    <Managed>1</Managed>
    <Publisher>
      <UniqueName>yopower</UniqueName>
      <LocalizedNames>
        <LocalizedName description="yopower" languagecode="1033" />
      </LocalizedNames>
      <Descriptions />
      <EMailAddress>vinicius@yopower.com.br</EMailAddress>
      <SupportingWebsiteUrl>https://www.yopower.com.br</SupportingWebsiteUrl>
      <CustomizationPrefix>yp</CustomizationPrefix>
      <CustomizationOptionValuePrefix>10000</CustomizationOptionValuePrefix>
      <Addresses>
        <Address>
          <AddressNumber>1</AddressNumber>
          <AddressTypeCode>1</AddressTypeCode>
          <City xsi:nil="true"></City>
          <County xsi:nil="true"></County>
          <Country xsi:nil="true"></Country>
          <Fax xsi:nil="true"></Fax>
          <FreightTermsCode xsi:nil="true"></FreightTermsCode>
          <ImportSequenceNumber xsi:nil="true"></ImportSequenceNumber>
          <Latitude xsi:nil="true"></Latitude>
          <Line1 xsi:nil="true"></Line1>
          <Line2 xsi:nil="true"></Line2>
          <Line3 xsi:nil="true"></Line3>
          <Longitude xsi:nil="true"></Longitude>
          <Name xsi:nil="true"></Name>
          <PostalCode xsi:nil="true"></PostalCode>
          <PostOfficeBox xsi:nil="true"></PostOfficeBox>
          <PrimaryContactName xsi:nil="true"></PrimaryContactName>
          <ShippingMethodCode>1</ShippingMethodCode>
          <StateOrProvince xsi:nil="true"></StateOrProvince>
          <Telephone1 xsi:nil="true"></Telephone1>
          <Telephone2 xsi:nil="true"></Telephone2>
          <Telephone3 xsi:nil="true"></Telephone3>
          <TimeZoneRuleVersionNumber xsi:nil="true"></TimeZoneRuleVersionNumber>
          <UPSZone xsi:nil="true"></UPSZone>
          <UTCOffset xsi:nil="true"></UTCOffset>
          <UTCConversionTimeZoneCode xsi:nil="true"></UTCConversionTimeZoneCode>
        </Address>
        <Address>
          <AddressNumber>2</AddressNumber>
          <AddressTypeCode>1</AddressTypeCode>
          <City xsi:nil="true"></City>
          <County xsi:nil="true"></County>
          <Country xsi:nil="true"></Country>
          <Fax xsi:nil="true"></Fax>
          <FreightTermsCode xsi:nil="true"></FreightTermsCode>
          <ImportSequenceNumber xsi:nil="true"></ImportSequenceNumber>
          <Latitude xsi:nil="true"></Latitude>
          <Line1 xsi:nil="true"></Line1>
          <Line2 xsi:nil="true"></Line2>
          <Line3 xsi:nil="true"></Line3>
          <Longitude xsi:nil="true"></Longitude>
          <Name xsi:nil="true"></Name>
          <PostalCode xsi:nil="true"></PostalCode>
          <PostOfficeBox xsi:nil="true"></PostOfficeBox>
          <PrimaryContactName xsi:nil="true"></PrimaryContactName>
          <ShippingMethodCode>1</ShippingMethodCode>
          <StateOrProvince xsi:nil="true"></StateOrProvince>
          <Telephone1 xsi:nil="true"></Telephone1>
          <Telephone2 xsi:nil="true"></Telephone2>
          <Telephone3 xsi:nil="true"></Telephone3>
          <TimeZoneRuleVersionNumber xsi:nil="true"></TimeZoneRuleVersionNumber>
          <UPSZone xsi:nil="true"></UPSZone>
          <UTCOffset xsi:nil="true"></UTCOffset>
          <UTCConversionTimeZoneCode xsi:nil="true"></UTCConversionTimeZoneCode>
        </Address>
      </Addresses>
    </Publisher>
    <RootComponents>
      <RootComponent type="1" schemaName="account" behavior="2" />
      <RootComponent type="1" schemaName="contact" behavior="2" />
      <RootComponent type="1" schemaName="systemuser" behavior="1" />
      <RootComponent type="1" schemaName="task" behavior="2" />
      <RootComponent type="1" schemaName="yp_checklist" behavior="0" />
      <RootComponent type="1" schemaName="yp_checklist_item" behavior="0" />
      <RootComponent type="1" schemaName="yp_customapi_authkey" behavior="0" />
      <RootComponent type="1" schemaName="yp_customer" behavior="0" />
      <RootComponent type="1" schemaName="yp_out_of_nowhere" behavior="0" />
      <RootComponent type="1" schemaName="yp_question" behavior="0" />
      <RootComponent type="1" schemaName="yp_sample" behavior="0" />
      <RootComponent type="1" schemaName="yp_subject" behavior="0" />
      <RootComponent type="1" schemaName="yp_ticket" behavior="0" />
      <RootComponent type="1" schemaName="yp_ticket_item" behavior="0" />
      <RootComponent type="9" schemaName="yp_customapi_ticket_status_policy" behavior="0" />
      <RootComponent type="20" id="{de0457ae-1e29-ef11-840b-002248e00ac0}" behavior="0" />
      <RootComponent type="29" id="{31858910-b71a-ef11-840a-002248e0bb0f}" behavior="0" />
      <RootComponent type="29" id="{c3e5cd3a-101e-ef11-840a-002248e0bb0f}" behavior="0" />
      <RootComponent type="61" schemaName="yp_authkey_svg" behavior="0" />
      <RootComponent type="61" schemaName="yp_checklistitem_svg" behavior="0" />
      <RootComponent type="61" schemaName="yp_checklist_svg" behavior="0" />
      <RootComponent type="61" schemaName="yp_customer_svg" behavior="0" />
      <RootComponent type="61" schemaName="yp_learning_logo_png" behavior="0" />
      <RootComponent type="61" schemaName="yp_learning_logo_svg" behavior="0" />
      <RootComponent type="61" schemaName="yp_question_svg" behavior="0" />
      <RootComponent type="61" schemaName="yp_sample_svg" behavior="0" />
      <RootComponent type="61" schemaName="yp_subject_svg" behavior="0" />
      <RootComponent type="61" schemaName="yp_ticketitem_svg" behavior="0" />
      <RootComponent type="61" schemaName="yp_ticket_js" behavior="0" />
      <RootComponent type="61" schemaName="yp_ticket_svg" behavior="0" />
      <RootComponent type="62" schemaName="yp_yopowerlearningm123" behavior="0" />
      <RootComponent type="62" schemaName="yp_yopowerLearningUseCase" behavior="0" />
      <RootComponent type="80" schemaName="yp_yopowerlearningm123" behavior="0" />
      <RootComponent type="80" schemaName="yp_yopowerLearningUseCase" behavior="0" />
      <RootComponent type="91" id="{1e6c7ea0-c894-4c0f-9731-b4c9d25746f8}" schemaName="yp-learning-plugins, Version=1.0.0.0, Culture=neutral, PublicKeyToken=059868a5ddab6e33" behavior="0" />
      <RootComponent type="92" id="{34ebc9b5-101e-ef11-840a-002248e0bb0f}" behavior="0" />
      <RootComponent type="92" id="{535bf266-1529-ef11-840b-0022483630cc}" behavior="0" />
      <RootComponent type="92" id="{5528e7a7-b71a-ef11-840a-002248e0bb0f}" behavior="0" />
      <RootComponent type="300" schemaName="yp_cusomactionsapisdemonstrao_e7b4e" behavior="0" />
      <RootComponent type="300" schemaName="yp_yopowerlearningusecasedefaultcommandlibrary_ac5ca" behavior="0" />
    </RootComponents>
    <MissingDependencies>
      <MissingDependency>
        <Required type="61" schemaName="msdyn_CopilotIcon.svg" displayName="msdyn_CopilotIcon.svg" solution="msdyn_AppCopilotFeatures (1.0.0.32)" />
        <Dependent type="appaction" displayName="yp__Reply!550768d3e50a476f800c51174d257e68!yp_yopowerLearningUseCase!yp_ticket!0" id.uniquename="yp__Reply!550768d3e50a476f800c51174d257e68!yp_yopowerLearningUseCase!yp_ticket!0" />
      </MissingDependency>
      <MissingDependency>
        <Required type="61" schemaName="msdyn_CopilotIcon.svg" displayName="msdyn_CopilotIcon.svg" solution="msdyn_AppCopilotFeatures (1.0.0.32)" />
        <Dependent type="appaction" displayName="yp__Summarize!6ce23852dab94501ade3d75fd78cad7c!yp_yopowerLearningUseCase!yp_ticket!0" id.uniquename="yp__Summarize!6ce23852dab94501ade3d75fd78cad7c!yp_yopowerLearningUseCase!yp_ticket!0" />
      </MissingDependency>
      <MissingDependency>
        <Required type="66" schemaName="Microsoft.PowerApps.PowerAppsOneGrid" displayName="Microsoft.PowerApps.PowerAppsOneGrid" solution="BaseCustomControlsCore (9.0.2406.2012)" />
        <Dependent type="60" displayName="Main" parentDisplayName="Subject" id="{2d0cd84c-af3d-43ec-935a-35f228ca8e7a}" />
      </MissingDependency>
      <MissingDependency>
        <Required type="66" schemaName="Microsoft.PowerApps.PowerAppsOneGrid" displayName="Microsoft.PowerApps.PowerAppsOneGrid" solution="BaseCustomControlsCore (9.0.2406.2012)" />
        <Dependent type="60" displayName="Main" parentDisplayName="Checklist" id="{ab184ba0-f83f-4156-9aed-01623b882f0f}" />
      </MissingDependency>
      <MissingDependency>
        <Required type="66" schemaName="Microsoft.PowerApps.PowerAppsOneGrid" displayName="Microsoft.PowerApps.PowerAppsOneGrid" solution="BaseCustomControlsCore (9.0.2406.2012)" />
        <Dependent type="60" displayName="Main" parentDisplayName="Ticket" id="{cf3a07d3-cc97-4c1c-a6fc-bdfaf2abdc41}" />
      </MissingDependency>
      <MissingDependency>
        <Required type="66" schemaName="MscrmControls.FieldControls.ToggleControl" displayName="MscrmControls.FieldControls.ToggleControl" solution="BaseCustomControlsCore (9.0.2406.2012)" />
        <Dependent type="60" displayName="Main" parentDisplayName="Checklist Item" id="{af3c7460-9291-4c47-b049-91267dcabd08}" />
      </MissingDependency>
      <MissingDependency>
        <Required type="SettingDefinition" displayName="AppChannel" solution="msdyn_AppFrameworkInfraExtensions (1.0.0.11)" id.uniquename="AppChannel" />
        <Dependent type="AppSetting" displayName="parentappmoduleid.uniquename=yp_yopowerlearningm123,settingdefinitionid.uniquename=AppChannel" id.parentappmoduleid.uniquename="yp_yopowerlearningm123" id.settingdefinitionid.uniquename="AppChannel" />
      </MissingDependency>
      <MissingDependency>
        <Required type="SettingDefinition" displayName="AppChannel" solution="msdyn_AppFrameworkInfraExtensions (1.0.0.11)" id.uniquename="AppChannel" />
        <Dependent type="AppSetting" displayName="parentappmoduleid.uniquename=yp_yopowerLearningUseCase,settingdefinitionid.uniquename=AppChannel" id.parentappmoduleid.uniquename="yp_yopowerLearningUseCase" id.settingdefinitionid.uniquename="AppChannel" />
      </MissingDependency>
    </MissingDependencies>
  </SolutionManifest>
</ImportExportXml>