<customapi uniquename="yp_post_populate_sample_purchases">
  <allowedcustomprocessingsteptype>0</allowedcustomprocessingsteptype>
  <bindingtype>0</bindingtype>
  <description default="⚡Populate Sample Purchases">
    <label description="⚡Populate Sample Purchases" languagecode="1033" />
  </description>
  <displayname default="⚡Populate Sample Purchases">
    <label description="⚡Populate Sample Purchases" languagecode="1033" />
  </displayname>
  <iscustomizable>1</iscustomizable>
  <isfunction>0</isfunction>
  <isprivate>0</isprivate>
  <name>yp_post_populate_sample_purchases</name>
  <plugintypeid>
    <plugintypeexportkey>c422af9c-9d34-4cd3-b31a-77bbb4e0bcbc</plugintypeexportkey>
  </plugintypeid>
  <workflowsdkstepenabled>0</workflowsdkstepenabled>
</customapi>