<ImportExportXml xmlns:xsi="http://www.w3.org/2001/XMLSchema-instance">
  <Entities></Entities>
  <Roles></Roles>
  <Workflows></Workflows>
  <FieldSecurityProfiles></FieldSecurityProfiles>
  <Templates />
  <EntityMaps />
  <EntityRelationships />
  <OrganizationSettings />
  <optionsets />
  <CustomControls />
  <SolutionPluginAssemblies>
    <PluginAssembly FullName="yp-learning-plugins, Version=1.0.0.0, Culture=neutral, PublicKeyToken=059868a5ddab6e33" PluginAssemblyId="f51d79c3-cc5e-42eb-bb8b-272a7713d878" CustomizationLevel="1">
      <IsolationMode>2</IsolationMode>
      <SourceType>0</SourceType>
      <IntroducedVersion>1.0</IntroducedVersion>
      <FileName>/PluginAssemblies/yp-learning-plugins-F51D79C3-CC5E-42EB-BB8B-272A7713D878/yp-learning-plugins.dll</FileName>
      <PluginTypes>
        <PluginType AssemblyQualifiedName="yp_learning_plugins.plugins.authkey.PreOperation, yp-learning-plugins, Version=1.0.0.0, Culture=neutral, PublicKeyToken=059868a5ddab6e33" PluginTypeId="ee6d6bd3-4703-4626-9fdd-a67d8aa3ad39" Name="yp_learning_plugins.plugins.authkey.PreOperation">
          <FriendlyName>ad1d58a4-d5c3-45d7-86e7-c0f9b6d6e195</FriendlyName>
        </PluginType>
        <PluginType AssemblyQualifiedName="yp_learning_plugins.plugins.sample.BoundAction, yp-learning-plugins, Version=1.0.0.0, Culture=neutral, PublicKeyToken=059868a5ddab6e33" PluginTypeId="d62be8bb-5541-414c-96ad-e53e0ed8d433" Name="yp_learning_plugins.plugins.sample.BoundAction">
          <FriendlyName>e209f44d-9ea7-4579-bd2d-ad7ae1998aa2</FriendlyName>
        </PluginType>
        <PluginType AssemblyQualifiedName="yp_learning_plugins.plugins.sample.CustomAPI, yp-learning-plugins, Version=1.0.0.0, Culture=neutral, PublicKeyToken=059868a5ddab6e33" PluginTypeId="1b3d6230-5072-4bf8-bbd2-3c6a9e236126" Name="yp_learning_plugins.plugins.sample.CustomAPI">
          <FriendlyName>22c0a2c0-1b33-4ed2-a0fe-53559ce9b9e3</FriendlyName>
        </PluginType>
        <PluginType AssemblyQualifiedName="yp_learning_plugins.plugins.sample.PostOperation, yp-learning-plugins, Version=1.0.0.0, Culture=neutral, PublicKeyToken=059868a5ddab6e33" PluginTypeId="d271ba47-1604-416c-b414-9c40f3c4adde" Name="yp_learning_plugins.plugins.sample.PostOperation">
          <FriendlyName>7f19fa5c-284d-451b-843c-7e2a7902dbe5</FriendlyName>
        </PluginType>
        <PluginType AssemblyQualifiedName="yp_learning_plugins.plugins.sample.PreOperation, yp-learning-plugins, Version=1.0.0.0, Culture=neutral, PublicKeyToken=059868a5ddab6e33" PluginTypeId="99e2510e-dfa9-4d9c-8be4-3c3f7fd470b2" Name="yp_learning_plugins.plugins.sample.PreOperation">
          <FriendlyName>52e6c8f8-0a4b-4210-9f07-808660b7bedb</FriendlyName>
        </PluginType>
        <PluginType AssemblyQualifiedName="yp_learning_plugins.plugins.sample.PreValidation, yp-learning-plugins, Version=1.0.0.0, Culture=neutral, PublicKeyToken=059868a5ddab6e33" PluginTypeId="0283fc2d-49ae-4520-994e-010b12ac44a6" Name="yp_learning_plugins.plugins.sample.PreValidation">
          <FriendlyName>28aa83de-4956-4b0e-af4b-6fdad68bfe02</FriendlyName>
        </PluginType>
        <PluginType AssemblyQualifiedName="yp_learning_plugins.plugins.sample.UnboundAction, yp-learning-plugins, Version=1.0.0.0, Culture=neutral, PublicKeyToken=059868a5ddab6e33" PluginTypeId="7114fd04-4fd1-4ed5-bf45-053a0a6d23de" Name="yp_learning_plugins.plugins.sample.UnboundAction">
          <FriendlyName>3caa016a-af12-4e9d-83cb-f082934e06bc</FriendlyName>
        </PluginType>
      </PluginTypes>
    </PluginAssembly>
  </SolutionPluginAssemblies>
  <EntityDataProviders />
  <Languages>
    <Language>1033</Language>
  </Languages>
</ImportExportXml>