<customapi uniquename="yp_get_sample_data">
  <allowedcustomprocessingsteptype>0</allowedcustomprocessingsteptype>
  <bindingtype>0</bindingtype>
  <description default="⚡Get Sample Data">
    <label description="⚡Get Sample Data" languagecode="1033" />
  </description>
  <displayname default="⚡Get Sample Data">
    <label description="⚡Get Sample Data" languagecode="1033" />
  </displayname>
  <iscustomizable>1</iscustomizable>
  <isfunction>0</isfunction>
  <isprivate>0</isprivate>
  <name>yp_get_sample_data</name>
  <plugintypeid>
    <plugintypeexportkey>72c2cb09-410f-4735-8389-8a4ff71c15e6</plugintypeexportkey>
  </plugintypeid>
  <workflowsdkstepenabled>0</workflowsdkstepenabled>
</customapi>