<entities >
  <entity name="account" displayname="Account" etc="1" primaryidfield="accountid" primarynamefield="name" disableplugins="true">
    <fields>
      <field displayname="Account Name" name="name" type="string" />
      <field displayname="Website" name="websiteurl" type="string" />
      <field displayname="Account" name="accountid" type="guid" primaryKey="true" />
    </fields>
  </entity>
  <entity name="contact" displayname="Contact" etc="2" primaryidfield="contactid" primarynamefield="fullname" disableplugins="true">
    <fields>
      <field displayname="First Name" name="firstname" type="string" />
      <field displayname="Job Title" name="jobtitle" type="string" />
      <field displayname="Last Name" name="lastname" type="string" />
      <field displayname="Company Name" name="parentcustomerid" type="entityreference" lookupType="account|contact" />
      <field displayname="Email" name="emailaddress1" type="string" />
      <field displayname="Contact" name="contactid" type="guid" primaryKey="true" />
    </fields>
  </entity>
  <entity name="yp_checklist" displayname="Checklist" etc="10659" primaryidfield="yp_checklistid" primarynamefield="yp_title" disableplugins="true">
    <fields>
      <field displayname="Checklist" name="yp_checklistid" type="guid" primaryKey="true" />
      <field displayname="Title" name="yp_title" type="string" customfield="true" />
    </fields>
  </entity>
  <entity name="yp_question" displayname="Question" etc="10663" primaryidfield="yp_questionid" primarynamefield="yp_title" disableplugins="true">
    <fields>
      <field displayname="Pergunta" name="yp_questionid" type="guid" primaryKey="true" />
      <field displayname="Title" name="yp_title" type="string" customfield="true" />
      <field displayname="Status Reason" name="statuscode" type="status" />
      <field displayname="Status" name="statecode" type="state" />
    </fields>
  </entity>
  <entity name="yp_checklist_item" displayname="Checklist Item" etc="10662" primaryidfield="yp_checklist_itemid" primarynamefield="yp_name" disableplugins="true">
    <fields>
      <field displayname="Checklist" name="yp_checklistid" type="entityreference" lookupType="yp_checklist" customfield="true" />
      <field displayname="Item Checklist" name="yp_checklist_itemid" type="guid" primaryKey="true" />
      <field displayname="Name" name="yp_name" type="string" customfield="true" />
      <field displayname="Order" name="yp_order" type="number" customfield="true" />
      <field displayname="Question" name="yp_questionid" type="entityreference" lookupType="yp_question" customfield="true" />
      <field displayname="Required" name="yp_required" type="bool" customfield="true" />
    </fields>
  </entity>
  <entity name="yp_subject" displayname="Subject" etc="10657" primaryidfield="yp_subjectid" primarynamefield="yp_title" disableplugins="true">
    <fields>
      <field displayname="Title" name="yp_title" type="string" customfield="true" />
      <field displayname="Subject" name="yp_subjectid" type="guid" primaryKey="true" />
    </fields>
    <relationships>
      <relationship name="yp_checklist_yp_subject" manyToMany="true" isreflexive="false" relatedEntityName="yp_checklist_yp_subject" m2mTargetEntity="yp_checklist" m2mTargetEntityPrimaryKey="yp_checklistid" />
    </relationships>
  </entity>
  <entity name="yp_sample" displayname="Sample" etc="10664" primaryidfield="yp_sampleid" primarynamefield="yp_st_string" disableplugins="true">
    <fields>
      <field displayname="DateTime" name="yp_dt_datetime" type="datetime" customfield="true" />
      <field displayname="Decimal Number" name="yp_dc_decimal" type="decimal" customfield="true" />
      <field displayname="Float Number" name="yp_fl_float_number" type="float" customfield="true" />
      <field displayname="Alternate Key" name="yp_int_alternate_key" type="number" customfield="true" />
      <field displayname="Customer" name="yp_lp_customerid" type="entityreference" lookupType="account|contact" customfield="true" />
      <field displayname="Integer Number" name="yp_int_integer" type="number" customfield="true" />
      <field displayname="Lookup - Contact" name="yp_lp_contactid" type="entityreference" lookupType="contact" customfield="true" />
      <field displayname="Money" name="yp_mn_money" type="money" customfield="true" />
      <field displayname="Money (Base)" name="yp_mn_money_base" type="money" customfield="true" />
      <field displayname="OptionSet" name="yp_pl_optionset" type="optionsetvalue" customfield="true" />
      <field displayname="OptionSet Multiple" name="yp_mpl_optionset" type="optionsetvaluecollection" customfield="true" />
      <field displayname="Sample" name="yp_sampleid" type="guid" primaryKey="true" />
      <field displayname="String" name="yp_st_string" type="string" customfield="true" />
      <field displayname="Two Options" name="yp_bo_twooptions" type="bool" customfield="true" />
      <field displayname="Sample" name="yp_parentid" type="entityreference" lookupType="yp_sample" customfield="true" />
    </fields>
  </entity>
</entities>