<appaction uniquename="yp__AI!0daadde634da42708f259882e108d9a0!yp_yopowerLearningUseCase!yp_ticket!0">
  <appmoduleid>
    <uniquename>yp_yopowerLearningUseCase</uniquename>
  </appmoduleid>
  <context>1</context>
  <contextentity>
    <logicalname>yp_ticket</logicalname>
  </contextentity>
  <contextvalue>yp_ticket</contextvalue>
  <grouptitle default="AI">
    <label description="AI" languagecode="1033" />
  </grouptitle>
  <hidden>0</hidden>
  <iscustomizable>1</iscustomizable>
  <isdisabled>0</isdisabled>
  <isgrouptitlehidden>1</isgrouptitlehidden>
  <location>0</location>
  <name>AI!0daadde634da42708f259882e108d9a0</name>
  <onclickeventtype>0</onclickeventtype>
  <origin>0</origin>
  <parentappactionid>
    <uniquename>yp__AISupport!e3be78fa55644946835ba47e78218261!yp_yopowerLearningUseCase!yp_ticket!0</uniquename>
  </parentappactionid>
  <sequence>10000.0000000000</sequence>
  <statecode>0</statecode>
  <statuscode>1</statuscode>
  <type>3</type>
</appaction>