
<entities xmlns:xsd="http://www.w3.org/2001/XMLSchema" xmlns:xsi="http://www.w3.org/2001/XMLSchema-instance" timestamp="2025-05-13T22:16:46.8825092Z">
  <entity name="yp_pagridextd_column_definition" displayname="Column Definition">
    <records>
      <record id="54f3a78f-cf2a-f011-8c4e-000d3ac04b80">
        <field name="yp_name" value="➕New Related Records" />
        <field name="yp_editable" value="False" />
        <field name="yp_allow_pin" value="False" />
        <field name="yp_pagridextd_column_definitionid" value="54f3a78f-cf2a-f011-8c4e-000d3ac04b80" />
        <field name="yp_mode" value="628950000" />
        <field name="yp_parameters" value="{&#xD;&#xA;  &amp;quot;options&amp;quot;: [&#xD;&#xA;    {&#xD;&#xA;      &amp;quot;icon&amp;quot;: &amp;quot;AddToShoppingList&amp;quot;,&#xD;&#xA;      &amp;quot;label&amp;quot;: &amp;quot;Task&amp;quot;,&#xD;&#xA;      &amp;quot;useQuickCreateForm&amp;quot;: true,&#xD;&#xA;      &amp;quot;targetTableLogicalName&amp;quot;: &amp;quot;task&amp;quot;,&#xD;&#xA;      &amp;quot;formId&amp;quot;: &amp;quot;00000000-0000-0000-0000-000000000000&amp;quot;&#xD;&#xA;    },&#xD;&#xA;    {&#xD;&#xA;      &amp;quot;icon&amp;quot;: &amp;quot;Phone&amp;quot;,&#xD;&#xA;      &amp;quot;label&amp;quot;: &amp;quot;Phone Call&amp;quot;,&#xD;&#xA;      &amp;quot;useQuickCreateForm&amp;quot;: true,&#xD;&#xA;      &amp;quot;targetTableLogicalName&amp;quot;: &amp;quot;phonecall&amp;quot;,&#xD;&#xA;      &amp;quot;formId&amp;quot;: &amp;quot;00000000-0000-0000-0000-000000000000&amp;quot;&#xD;&#xA;    },&#xD;&#xA;    {&#xD;&#xA;      &amp;quot;icon&amp;quot;: &amp;quot;Calendar&amp;quot;,&#xD;&#xA;      &amp;quot;label&amp;quot;: &amp;quot;Appointment&amp;quot;,&#xD;&#xA;      &amp;quot;useQuickCreateForm&amp;quot;: true,&#xD;&#xA;      &amp;quot;targetTableLogicalName&amp;quot;: &amp;quot;appointment&amp;quot;,&#xD;&#xA;      &amp;quot;formId&amp;quot;: &amp;quot;00000000-0000-0000-0000-000000000000&amp;quot;&#xD;&#xA;    },&#xD;&#xA;    {&#xD;&#xA;      &amp;quot;icon&amp;quot;: &amp;quot;FavoriteStar&amp;quot;,&#xD;&#xA;      &amp;quot;label&amp;quot;: &amp;quot;Add My Demo Custom Table (Quick Create)&amp;quot;,&#xD;&#xA;      &amp;quot;useQuickCreateForm&amp;quot;: true,&#xD;&#xA;      &amp;quot;targetTableLogicalName&amp;quot;: &amp;quot;yp_demo_powerappsgrid_extensions&amp;quot;,&#xD;&#xA;      &amp;quot;formId&amp;quot;: &amp;quot;00000000-0000-0000-0000-000000000000&amp;quot;&#xD;&#xA;    },&#xD;&#xA;    {&#xD;&#xA;      &amp;quot;icon&amp;quot;: &amp;quot;FavoriteStarFill&amp;quot;,&#xD;&#xA;      &amp;quot;label&amp;quot;: &amp;quot;Add My Demo Custom Table (Main)&amp;quot;,&#xD;&#xA;      &amp;quot;useQuickCreateForm&amp;quot;: false,&#xD;&#xA;      &amp;quot;targetTableLogicalName&amp;quot;: &amp;quot;yp_demo_powerappsgrid_extensions&amp;quot;,&#xD;&#xA;      &amp;quot;formId&amp;quot;: &amp;quot;00000000-0000-0000-0000-000000000000&amp;quot;,&#xD;&#xA;      &amp;quot;height&amp;quot;: {&#xD;&#xA;        &amp;quot;value&amp;quot;: 800,&#xD;&#xA;        &amp;quot;unit&amp;quot;: &amp;quot;px&amp;quot;&#xD;&#xA;      },&#xD;&#xA;      &amp;quot;width&amp;quot;: {&#xD;&#xA;        &amp;quot;value&amp;quot;: 600,&#xD;&#xA;        &amp;quot;unit&amp;quot;: &amp;quot;px&amp;quot;&#xD;&#xA;      }&#xD;&#xA;    }&#xD;&#xA;  ]&#xD;&#xA;}" />
        <field name="yp_subgrid_column" value="yp_name" />
        <field name="yp_subgrid_name" value="yp_demo_powerappsgrid_extensions" />
        <field name="yp_subgrid_table" value="yp_demo_powerappsgrid_extensions" />
        <field name="yp_type" value="905" />
        <field name="statecode" value="0" />
        <field name="statuscode" value="1" />
      </record>
      <record id="657aef19-8a20-f011-998a-000d3ac04b80">
        <field name="yp_optionset_criteria" value="1" />
        <field name="yp_name" value="&amp;#128308;Text when Inactive" />
        <field name="yp_editable" value="True" />
        <field name="yp_allow_pin" value="False" />
        <field name="yp_based_on_optionset_column" value="statuscode" />
        <field name="yp_pagridextd_column_definitionid" value="657aef19-8a20-f011-998a-000d3ac04b80" />
        <field name="yp_mode" value="628950000" />
        <field name="yp_parameters" value="{&#xA;  &amp;quot;column&amp;quot;: &amp;quot;statuscode&amp;quot;,&#xA;  &amp;quot;rules&amp;quot;: [&#xA;    {&#xA;      &amp;quot;min&amp;quot;: 1,&#xA;      &amp;quot;max&amp;quot;: 1,&#xA;      &amp;quot;background&amp;quot;: &amp;quot;#A1D6A5&amp;quot;,&#xA;      &amp;quot;color&amp;quot;: &amp;quot;#1F1F1F&amp;quot;&#xA;    },&#xA;    {&#xA;      &amp;quot;min&amp;quot;: 2,&#xA;      &amp;quot;max&amp;quot;: 2,&#xA;      &amp;quot;background&amp;quot;: &amp;quot;#E098AF&amp;quot;,&#xA;      &amp;quot;color&amp;quot;: &amp;quot;#1F1F1F&amp;quot;&#xA;    }&#xA;  ]&#xA;}" />
        <field name="yp_subgrid_column" value="yp_text" />
        <field name="yp_subgrid_name" value="yp_demo_powerappsgrid_extensions" />
        <field name="yp_subgrid_table" value="yp_demo_powerappsgrid_extensions" />
        <field name="yp_type" value="904" />
        <field name="yp_optionset_values" value="2" />
        <field name="statecode" value="0" />
        <field name="statuscode" value="1" />
      </record>
      <record id="432bfcf4-9120-f011-998a-000d3ac04b80">
        <field name="yp_optionset_criteria" value="1" />
        <field name="yp_name" value="&amp;#128308;Decimal when Inactive" />
        <field name="yp_editable" value="True" />
        <field name="yp_allow_pin" value="False" />
        <field name="yp_based_on_optionset_column" value="statuscode" />
        <field name="yp_pagridextd_column_definitionid" value="432bfcf4-9120-f011-998a-000d3ac04b80" />
        <field name="yp_mode" value="628950000" />
        <field name="yp_parameters" value="{&#xD;&#xA;  &amp;quot;column&amp;quot;: &amp;quot;statuscode&amp;quot;,&#xD;&#xA;  &amp;quot;rules&amp;quot;: [&#xD;&#xA;    {&#xD;&#xA;      &amp;quot;min&amp;quot;: 1,&#xD;&#xA;      &amp;quot;max&amp;quot;: 1,&#xD;&#xA;      &amp;quot;background&amp;quot;: &amp;quot;#A1D6A5&amp;quot;,&#xD;&#xA;      &amp;quot;color&amp;quot;: &amp;quot;#666666&amp;quot;&#xD;&#xA;    },&#xD;&#xA;    {&#xD;&#xA;      &amp;quot;min&amp;quot;: 2,&#xD;&#xA;      &amp;quot;max&amp;quot;: 2,&#xD;&#xA;      &amp;quot;background&amp;quot;: &amp;quot;#E098AF&amp;quot;,&#xD;&#xA;      &amp;quot;color&amp;quot;: &amp;quot;#666666&amp;quot;&#xD;&#xA;    }&#xD;&#xA;  ]&#xD;&#xA;}" />
        <field name="yp_subgrid_column" value="yp_decimal" />
        <field name="yp_subgrid_name" value="yp_demo_powerappsgrid_extensions" />
        <field name="yp_subgrid_table" value="yp_demo_powerappsgrid_extensions" />
        <field name="yp_type" value="904" />
        <field name="yp_optionset_values" value="2" />
        <field name="statecode" value="0" />
        <field name="statuscode" value="1" />
      </record>
      <record id="9b7bf4fa-9120-f011-998a-000d3ac04b80">
        <field name="yp_optionset_criteria" value="1" />
        <field name="yp_name" value="&amp;#128308;Integer when Inactive" />
        <field name="yp_editable" value="True" />
        <field name="yp_allow_pin" value="False" />
        <field name="yp_based_on_optionset_column" value="statuscode" />
        <field name="yp_pagridextd_column_definitionid" value="9b7bf4fa-9120-f011-998a-000d3ac04b80" />
        <field name="yp_mode" value="628950000" />
        <field name="yp_parameters" value="{&#xA;  &amp;quot;column&amp;quot;: &amp;quot;statuscode&amp;quot;,&#xA;  &amp;quot;rules&amp;quot;: [&#xA;    {&#xA;      &amp;quot;min&amp;quot;: 1,&#xA;      &amp;quot;max&amp;quot;: 1,&#xA;      &amp;quot;background&amp;quot;: &amp;quot;#A1D6A5&amp;quot;,&#xA;      &amp;quot;color&amp;quot;: &amp;quot;#1F1F1F&amp;quot;&#xA;    },&#xA;    {&#xA;      &amp;quot;min&amp;quot;: 2,&#xA;      &amp;quot;max&amp;quot;: 2,&#xA;      &amp;quot;background&amp;quot;: &amp;quot;#E098AF&amp;quot;,&#xA;      &amp;quot;color&amp;quot;: &amp;quot;#1F1F1F&amp;quot;&#xA;    }&#xA;  ]&#xA;}" />
        <field name="yp_subgrid_column" value="yp_integer" />
        <field name="yp_subgrid_name" value="yp_demo_powerappsgrid_extensions" />
        <field name="yp_subgrid_table" value="yp_demo_powerappsgrid_extensions" />
        <field name="yp_type" value="904" />
        <field name="yp_optionset_values" value="2" />
        <field name="statecode" value="0" />
        <field name="statuscode" value="1" />
      </record>
      <record id="0c6d430e-9220-f011-998a-000d3ac04b80">
        <field name="yp_optionset_criteria" value="1" />
        <field name="yp_name" value="&amp;#128308;Currency  when Inactive" />
        <field name="yp_editable" value="True" />
        <field name="yp_allow_pin" value="False" />
        <field name="yp_based_on_optionset_column" value="statuscode" />
        <field name="yp_pagridextd_column_definitionid" value="0c6d430e-9220-f011-998a-000d3ac04b80" />
        <field name="yp_mode" value="628950000" />
        <field name="yp_parameters" value="{&#xD;&#xA;  &amp;quot;column&amp;quot;: &amp;quot;statuscode&amp;quot;,&#xD;&#xA;  &amp;quot;rules&amp;quot;: [&#xD;&#xA;    {&#xD;&#xA;      &amp;quot;min&amp;quot;: 1,&#xD;&#xA;      &amp;quot;max&amp;quot;: 1,&#xD;&#xA;      &amp;quot;background&amp;quot;: &amp;quot;#A1D6A5&amp;quot;,&#xD;&#xA;      &amp;quot;color&amp;quot;: &amp;quot;#1F1F1F&amp;quot;&#xD;&#xA;    },&#xD;&#xA;    {&#xD;&#xA;      &amp;quot;min&amp;quot;: 2,&#xD;&#xA;      &amp;quot;max&amp;quot;: 2,&#xD;&#xA;      &amp;quot;background&amp;quot;: &amp;quot;#E098AF&amp;quot;,&#xD;&#xA;      &amp;quot;color&amp;quot;: &amp;quot;#1F1F1F&amp;quot;&#xD;&#xA;    }&#xD;&#xA;  ]&#xD;&#xA;}" />
        <field name="yp_subgrid_column" value="yp_currency" />
        <field name="yp_subgrid_name" value="yp_demo_powerappsgrid_extensions" />
        <field name="yp_subgrid_table" value="yp_demo_powerappsgrid_extensions" />
        <field name="yp_type" value="904" />
        <field name="yp_optionset_values" value="2" />
        <field name="statecode" value="0" />
        <field name="statuscode" value="1" />
      </record>
      <record id="2d87d3fe-a720-f011-998a-000d3ac04b80">
        <field name="yp_optionset_criteria" value="1" />
        <field name="yp_name" value="&amp;#128308;Name when Inactive" />
        <field name="yp_editable" value="True" />
        <field name="yp_allow_pin" value="False" />
        <field name="yp_based_on_optionset_column" value="statuscode" />
        <field name="yp_pagridextd_column_definitionid" value="2d87d3fe-a720-f011-998a-000d3ac04b80" />
        <field name="yp_mode" value="628950000" />
        <field name="yp_parameters" value="{&#xA;  &amp;quot;column&amp;quot;: &amp;quot;statuscode&amp;quot;,&#xA;  &amp;quot;rules&amp;quot;: [&#xA;    {&#xA;      &amp;quot;min&amp;quot;: 1,&#xA;      &amp;quot;max&amp;quot;: 1,&#xA;      &amp;quot;background&amp;quot;: &amp;quot;#A1D6A5&amp;quot;,&#xA;      &amp;quot;color&amp;quot;: &amp;quot;#1F1F1F&amp;quot;&#xA;    },&#xA;    {&#xA;      &amp;quot;min&amp;quot;: 2,&#xA;      &amp;quot;max&amp;quot;: 2,&#xA;      &amp;quot;background&amp;quot;: &amp;quot;#E098AF&amp;quot;,&#xA;      &amp;quot;color&amp;quot;: &amp;quot;#1F1F1F&amp;quot;&#xA;    }&#xA;  ]&#xA;}" />
        <field name="yp_subgrid_column" value="yp_name" />
        <field name="yp_subgrid_name" value="yp_demo_powerappsgrid_extensions" />
        <field name="yp_subgrid_table" value="yp_demo_powerappsgrid_extensions" />
        <field name="yp_type" value="904" />
        <field name="yp_optionset_values" value="2" />
        <field name="statecode" value="0" />
        <field name="statuscode" value="1" />
      </record>
      <record id="1c789167-d5f3-ef11-be20-000d3ac04b80">
        <field name="yp_name" value="⚪File Images without condition" />
        <field name="yp_editable" value="True" />
        <field name="yp_allow_pin" value="False" />
        <field name="yp_pagridextd_column_definitionid" value="1c789167-d5f3-ef11-be20-000d3ac04b80" />
        <field name="yp_mode" value="628950000" />
        <field name="yp_parameters" value="{&#xA;    &amp;quot;readOnly&amp;quot;: false,&#xA;    &amp;quot;allowedTypes&amp;quot;: [&#xA;        &amp;quot;jpg&amp;quot;,&#xA;        &amp;quot;jpeg&amp;quot;,&#xA;        &amp;quot;png&amp;quot;,&#xA;        &amp;quot;gif&amp;quot;&#xA;    ]&#xA;}" />
        <field name="yp_subgrid_column" value="yp_file" />
        <field name="yp_subgrid_name" value="yp_demo_powerappsgrid_extensions" />
        <field name="yp_subgrid_table" value="yp_demo_powerappsgrid_extensions" />
        <field name="yp_type" value="600" />
        <field name="statecode" value="0" />
        <field name="statuscode" value="1" />
      </record>
      <record id="c37dd480-f3eb-ef11-be20-000d3ac13c97">
        <field name="yp_name" value="⚪Lookup Navigate Buttons without condition" />
        <field name="yp_editable" value="True" />
        <field name="yp_allow_pin" value="False" />
        <field name="yp_pagridextd_column_definitionid" value="c37dd480-f3eb-ef11-be20-000d3ac13c97" />
        <field name="yp_mode" value="628950001" />
        <field name="yp_parameters" value="{&#xD;&#xA;  &amp;quot;modal&amp;quot;: [&#xD;&#xA;    &#xD;&#xA;  ],&#xD;&#xA;  &amp;quot;sidePane&amp;quot;: [&#xD;&#xA;    {&#xD;&#xA;      &amp;quot;label&amp;quot;: &amp;quot;➡️Side Pane&amp;quot;,&#xD;&#xA;      &amp;quot;paneId&amp;quot;: &amp;quot;subgrid_try&amp;quot;,&#xD;&#xA;      &amp;quot;formId&amp;quot;:&amp;quot;00000000-0000-0000-0000-000000000000&amp;quot;,&#xD;&#xA;      &amp;quot;canClose&amp;quot;: true,&#xD;&#xA;      &amp;quot;imageSrc&amp;quot;: &amp;quot;/webresources/yp_page_try_svg.svg&amp;quot;,&#xD;&#xA;      &amp;quot;hideHeader&amp;quot;: true,&#xD;&#xA;      &amp;quot;width&amp;quot;: 300&#xD;&#xA;    }&#xD;&#xA;  ]&#xD;&#xA;}" />
        <field name="yp_subgrid_column" value="yp_accountid" />
        <field name="yp_subgrid_name" value="yp_demo_powerappsgrid_extensions" />
        <field name="yp_subgrid_table" value="yp_demo_powerappsgrid_extensions" />
        <field name="yp_type" value="800" />
        <field name="statecode" value="0" />
        <field name="statuscode" value="1" />
      </record>
      <record id="b824ccd5-9120-f011-9989-002248360ecd">
        <field name="yp_optionset_criteria" value="1" />
        <field name="yp_name" value="&amp;#128308;Date Time when Inactive" />
        <field name="yp_editable" value="False" />
        <field name="yp_allow_pin" value="False" />
        <field name="yp_based_on_optionset_column" value="statuscode" />
        <field name="yp_pagridextd_column_definitionid" value="b824ccd5-9120-f011-9989-002248360ecd" />
        <field name="yp_mode" value="628950000" />
        <field name="yp_parameters" value="{&#xA;  &amp;quot;column&amp;quot;: &amp;quot;statuscode&amp;quot;,&#xA;  &amp;quot;rules&amp;quot;: [&#xA;    {&#xA;      &amp;quot;min&amp;quot;: 1,&#xA;      &amp;quot;max&amp;quot;: 1,&#xA;      &amp;quot;background&amp;quot;: &amp;quot;#A1D6A5&amp;quot;,&#xA;      &amp;quot;color&amp;quot;: &amp;quot;#1F1F1F&amp;quot;&#xA;    },&#xA;    {&#xA;      &amp;quot;min&amp;quot;: 2,&#xA;      &amp;quot;max&amp;quot;: 2,&#xA;      &amp;quot;background&amp;quot;: &amp;quot;#E098AF&amp;quot;,&#xA;      &amp;quot;color&amp;quot;: &amp;quot;#1F1F1F&amp;quot;&#xA;    }&#xA;  ]&#xA;}" />
        <field name="yp_subgrid_column" value="yp_datetime" />
        <field name="yp_subgrid_name" value="yp_demo_powerappsgrid_extensions" />
        <field name="yp_subgrid_table" value="yp_demo_powerappsgrid_extensions" />
        <field name="yp_type" value="904" />
        <field name="yp_optionset_values" value="2" />
        <field name="statecode" value="0" />
        <field name="statuscode" value="1" />
      </record>
      <record id="78d770f5-38f8-ef11-bae1-002248360ecd">
        <field name="yp_name" value="⚪File PDF without condition" />
        <field name="yp_editable" value="True" />
        <field name="yp_allow_pin" value="False" />
        <field name="yp_pagridextd_column_definitionid" value="78d770f5-38f8-ef11-bae1-002248360ecd" />
        <field name="yp_mode" value="628950000" />
        <field name="yp_parameters" value="{&#xA;    &amp;quot;readOnly&amp;quot;: false,&#xA;    &amp;quot;allowedTypes&amp;quot;: [&#xA;        &amp;quot;pdf&amp;quot;&#xA;    ]&#xA;}" />
        <field name="yp_subgrid_column" value="yp_file2" />
        <field name="yp_subgrid_name" value="yp_demo_powerappsgrid_extensions" />
        <field name="yp_subgrid_table" value="yp_demo_powerappsgrid_extensions" />
        <field name="yp_type" value="600" />
        <field name="statecode" value="0" />
        <field name="statuscode" value="1" />
      </record>
      <record id="45db5b1a-39f8-ef11-bae1-002248360ecd">
        <field name="yp_name" value="⚪File Office without condition" />
        <field name="yp_editable" value="True" />
        <field name="yp_allow_pin" value="False" />
        <field name="yp_pagridextd_column_definitionid" value="45db5b1a-39f8-ef11-bae1-002248360ecd" />
        <field name="yp_mode" value="628950000" />
        <field name="yp_parameters" value="{&#xA;    &amp;quot;readOnly&amp;quot;: false,&#xA;    &amp;quot;allowedTypes&amp;quot;: [&#xA;        &amp;quot;xlsx&amp;quot;,&#xA;        &amp;quot;pptx&amp;quot;,&#xA;        &amp;quot;docx&amp;quot;&#xA;    ]&#xA;}" />
        <field name="yp_subgrid_column" value="yp_file3" />
        <field name="yp_subgrid_name" value="yp_demo_powerappsgrid_extensions" />
        <field name="yp_subgrid_table" value="yp_demo_powerappsgrid_extensions" />
        <field name="yp_type" value="600" />
        <field name="statecode" value="0" />
        <field name="statuscode" value="1" />
      </record>
      <record id="37577162-ae08-f011-bae3-002248360ecd">
        <field name="yp_name" value="Copilot Execute Event" />
        <field name="yp_pagridextd_column_definitionid" value="37577162-ae08-f011-bae3-002248360ecd" />
        <field name="yp_mode" value="628950000" />
        <field name="yp_parameters" value="{&#xA;    &amp;quot;options&amp;quot;: [&#xA;        {&#xA;            &amp;quot;icon&amp;quot;: &amp;quot;Add&amp;quot;,&#xA;            &amp;quot;label&amp;quot;: &amp;quot;Related Activities&amp;quot;,&#xA;            &amp;quot;event&amp;quot;: &amp;quot;Microsoft.PowerApps.Copilot.RelatedActivities&amp;quot;&#xA;        }&#xA;    ]&#xA;}" />
        <field name="yp_subgrid_column" value="createdon" />
        <field name="yp_subgrid_name" value="subgrid_unique_name" />
        <field name="yp_subgrid_table" value="yp_demo_powerappsgrid_extensions" />
        <field name="yp_type" value="903" />
        <field name="statecode" value="1" />
        <field name="statuscode" value="2" />
      </record>
      <record id="48cce803-95e9-ef11-9341-0022483649d8">
        <field name="yp_name" value="⚪Contact Related Tasks without condition" />
        <field name="yp_editable" value="False" />
        <field name="yp_allow_pin" value="False" />
        <field name="yp_pagridextd_column_definitionid" value="48cce803-95e9-ef11-9341-0022483649d8" />
        <field name="yp_mode" value="628950001" />
        <field name="yp_parameters" value="{&#xA;  &amp;quot;reference&amp;quot;: &amp;quot;column&amp;quot;,&#xA;  &amp;quot;column&amp;quot;: &amp;quot;yp_contactid&amp;quot;,&#xA;  &amp;quot;viewId&amp;quot;: &amp;quot;00000000-0000-0000-0000-000000000010&amp;quot;,&#xA;  &amp;quot;viewName&amp;quot;: &amp;quot;Related Tasks&amp;quot;,&#xA;  &amp;quot;rules&amp;quot;: [&#xA;    {&#xA;      &amp;quot;min&amp;quot;: 1,&#xA;      &amp;quot;max&amp;quot;: 5,&#xA;      &amp;quot;background&amp;quot;: &amp;quot;#A1D6A5&amp;quot;,&#xA;      &amp;quot;color&amp;quot;: &amp;quot;#1F1F1F&amp;quot;,&#xA;      &amp;quot;icon&amp;quot;: &amp;quot;Alert&amp;quot;&#xA;    },&#xA;    {&#xA;      &amp;quot;min&amp;quot;: 6,&#xA;      &amp;quot;max&amp;quot;: 10,&#xA;      &amp;quot;background&amp;quot;: &amp;quot;#E098AF&amp;quot;,&#xA;      &amp;quot;color&amp;quot;: &amp;quot;#1F1F1F&amp;quot;&#xA;    }&#xA;  ],&#xA;  &amp;quot;table&amp;quot;: &amp;quot;task&amp;quot;,&#xA;  &amp;quot;fetchXmlAggregate&amp;quot;: &amp;quot;&amp;lt;fetch version=&amp;#39;1.0&amp;#39; mapping=&amp;#39;logical&amp;#39; distinct=&amp;#39;false&amp;#39; aggregate=&amp;#39;true&amp;#39;&amp;gt;&amp;lt;entity name=&amp;#39;task&amp;#39;&amp;gt;&amp;lt;attribute name=&amp;#39;activityid&amp;#39; alias=&amp;#39;value&amp;#39; aggregate=&amp;#39;count&amp;#39; /&amp;gt;&amp;lt;link-entity name=&amp;#39;contact&amp;#39; from=&amp;#39;contactid&amp;#39; to=&amp;#39;regardingobjectid&amp;#39; link-type=&amp;#39;inner&amp;#39; alias=&amp;#39;aa&amp;#39;&amp;gt;&amp;lt;filter type=&amp;#39;and&amp;#39;&amp;gt;&amp;lt;condition attribute=&amp;#39;contactid&amp;#39; operator=&amp;#39;eq&amp;#39; uitype=&amp;#39;#valuetype#&amp;#39; value=&amp;#39;#value#&amp;#39; /&amp;gt;&amp;lt;/filter&amp;gt;&amp;lt;/link-entity&amp;gt;&amp;lt;/entity&amp;gt;&amp;lt;/fetch&amp;gt;&amp;quot;,&#xA;  &amp;quot;fetchXml&amp;quot;: &amp;quot;&amp;lt;fetch version=&amp;#39;1.0&amp;#39; output-format=&amp;#39;xml-platform&amp;#39; mapping=&amp;#39;logical&amp;#39; distinct=&amp;#39;false&amp;#39;&amp;gt;&amp;lt;entity name=&amp;#39;task&amp;#39;&amp;gt;&amp;lt;attribute name=&amp;#39;subject&amp;#39; /&amp;gt;&amp;lt;attribute name=&amp;#39;statecode&amp;#39; /&amp;gt;&amp;lt;attribute name=&amp;#39;prioritycode&amp;#39; /&amp;gt;&amp;lt;attribute name=&amp;#39;scheduledend&amp;#39; /&amp;gt;&amp;lt;attribute name=&amp;#39;createdby&amp;#39; /&amp;gt;&amp;lt;attribute name=&amp;#39;regardingobjectid&amp;#39; /&amp;gt;&amp;lt;attribute name=&amp;#39;activityid&amp;#39; /&amp;gt;&amp;lt;link-entity name=&amp;#39;contact&amp;#39; from=&amp;#39;contactid&amp;#39; to=&amp;#39;regardingobjectid&amp;#39; link-type=&amp;#39;inner&amp;#39; alias=&amp;#39;aa&amp;#39;&amp;gt;&amp;lt;filter type=&amp;#39;and&amp;#39;&amp;gt;&amp;lt;condition attribute=&amp;#39;contactid&amp;#39; operator=&amp;#39;eq&amp;#39; uitype=&amp;#39;#valuetype#&amp;#39; value=&amp;#39;#value#&amp;#39; /&amp;gt;&amp;lt;/filter&amp;gt;&amp;lt;/link-entity&amp;gt;&amp;lt;/entity&amp;gt;&amp;lt;/fetch&amp;gt;&amp;quot;,&#xA;  &amp;quot;layoutXml&amp;quot;: &amp;quot;&amp;lt;grid name=&amp;#39;resultset&amp;#39; object=&amp;#39;1&amp;#39; jump=&amp;#39;createdon&amp;#39; select=&amp;#39;1&amp;#39; icon=&amp;#39;1&amp;#39; preview=&amp;#39;1&amp;#39;&amp;gt;&amp;lt;row name=&amp;#39;result&amp;#39; id=&amp;#39;activityid&amp;#39;&amp;gt;&amp;lt;cell name=&amp;#39;createdon&amp;#39; width=&amp;#39;150&amp;#39; /&amp;gt;&amp;lt;cell name=&amp;#39;subject&amp;#39; width=&amp;#39;200&amp;#39; /&amp;gt;&amp;lt;cell name=&amp;#39;prioritycode&amp;#39; width=&amp;#39;100&amp;#39; /&amp;gt;&amp;lt;cell name=&amp;#39;scheduledstart&amp;#39; width=&amp;#39;150&amp;#39; /&amp;gt;&amp;lt;cell name=&amp;#39;scheduledend&amp;#39; width=&amp;#39;150&amp;#39; /&amp;gt;&amp;lt;cell name=&amp;#39;statuscode&amp;#39; width=&amp;#39;100&amp;#39; /&amp;gt;&amp;lt;/row&amp;gt;&amp;lt;/grid&amp;gt;&amp;quot;&#xA;}" />
        <field name="yp_subgrid_column" value="yp_contact_tasks" />
        <field name="yp_subgrid_name" value="yp_demo_powerappsgrid_extensions" />
        <field name="yp_subgrid_table" value="yp_demo_powerappsgrid_extensions" />
        <field name="yp_type" value="902" />
        <field name="statecode" value="0" />
        <field name="statuscode" value="1" />
      </record>
      <record id="2c04b308-a4d8-ef11-8eea-002248de8553">
        <field name="yp_name" value="⚪Filtered Lookup - Accounts &amp;gt; Contacts without condition" />
        <field name="yp_editable" value="True" />
        <field name="yp_pagridextd_column_definitionid" value="2c04b308-a4d8-ef11-8eea-002248de8553" />
        <field name="yp_mode" value="628950000" />
        <field name="yp_parameters" value="{&#xA;    &amp;quot;reference&amp;quot;: &amp;quot;column&amp;quot;,&#xA;    &amp;quot;column&amp;quot;: &amp;quot;yp_accountid&amp;quot;,&#xA;    &amp;quot;viewId&amp;quot;: &amp;quot;00000000-0000-0000-0000-000000000000&amp;quot;,&#xA;    &amp;quot;filter&amp;quot;: &amp;quot;&amp;lt;filter type=&amp;#39;and&amp;#39;&amp;gt;&amp;lt;condition attribute=&amp;#39;parentcustomerid&amp;#39; operator=&amp;#39;eq&amp;#39; uitype=&amp;#39;account&amp;#39; value=&amp;#39;#value#&amp;#39;/&amp;gt;&amp;lt;/filter&amp;gt;&amp;quot;&#xA;}" />
        <field name="yp_subgrid_column" value="yp_contactid" />
        <field name="yp_subgrid_name" value="yp_demo_powerappsgrid_extensions" />
        <field name="yp_subgrid_table" value="yp_demo_powerappsgrid_extensions" />
        <field name="yp_type" value="801" />
        <field name="statecode" value="0" />
        <field name="statuscode" value="1" />
      </record>
      <record id="577f1606-93e2-ef11-9342-002248de8553">
        <field name="yp_optionset_criteria" value="5" />
        <field name="yp_name" value="↗️Row Navigate Buttons when Number of Employees &amp;gt; 3" />
        <field name="yp_editable" value="True" />
        <field name="yp_allow_pin" value="False" />
        <field name="yp_based_on_optionset_column" value=".numberofemployees" />
        <field name="yp_pagridextd_column_definitionid" value="577f1606-93e2-ef11-9342-002248de8553" />
        <field name="yp_mode" value="628950001" />
        <field name="yp_parameters" value="{&#xA;  &amp;quot;modal&amp;quot;: [&#xA;    {&#xA;      &amp;quot;position&amp;quot;: 1,&#xA;      &amp;quot;label&amp;quot;: &amp;quot;⬆️Center Modal&amp;quot;,&#xA;      &amp;quot;formId&amp;quot;: &amp;quot;2b4f471c-ad1f-f011-9989-002248371ce3&amp;quot;,&#xA;      &amp;quot;height&amp;quot;: {&#xA;        &amp;quot;value&amp;quot;: 80,&#xA;        &amp;quot;unit&amp;quot;: &amp;quot;%&amp;quot;&#xA;      },&#xA;      &amp;quot;width&amp;quot;: {&#xA;        &amp;quot;value&amp;quot;: 70,&#xA;        &amp;quot;unit&amp;quot;: &amp;quot;%&amp;quot;&#xA;      }&#xA;    },&#xA;    {&#xA;      &amp;quot;position&amp;quot;: 2,&#xA;      &amp;quot;label&amp;quot;: &amp;quot;↗️Right Modal&amp;quot;,&#xA;      &amp;quot;formId&amp;quot;: &amp;quot;00000000-0000-0000-0000-000000000000&amp;quot;,&#xA;      &amp;quot;tabName&amp;quot;: &amp;quot;self&amp;quot;,&#xA;      &amp;quot;height&amp;quot;: {&#xA;        &amp;quot;value&amp;quot;: 80,&#xA;        &amp;quot;unit&amp;quot;: &amp;quot;%&amp;quot;&#xA;      },&#xA;      &amp;quot;width&amp;quot;: {&#xA;        &amp;quot;value&amp;quot;: 70,&#xA;        &amp;quot;unit&amp;quot;: &amp;quot;%&amp;quot;&#xA;      }&#xA;    }&#xA;  ],&#xA;  &amp;quot;sidePane&amp;quot;: [&#xA;    {&#xA;      &amp;quot;label&amp;quot;: &amp;quot;➡️Side Pane&amp;quot;,&#xA;      &amp;quot;width&amp;quot;: 300,&#xA;      &amp;quot;canClose&amp;quot;: true,&#xA;      &amp;quot;paneId&amp;quot;: &amp;quot;subgrid_try&amp;quot;,&#xA;      &amp;quot;imageSrc&amp;quot;: &amp;quot;/webresources/yp_page_try_svg.svg&amp;quot;,&#xA;      &amp;quot;hideHeader&amp;quot;: true,&#xA;      &amp;quot;formId&amp;quot;: &amp;quot;2b4f471c-ad1f-f011-9989-002248371ce3&amp;quot;&#xA;    }&#xA;  ]&#xA;}" />
        <field name="yp_subgrid_column" value="yp_name" />
        <field name="yp_subgrid_name" value="yp_demo_powerappsgrid_extensions" />
        <field name="yp_subgrid_table" value="yp_demo_powerappsgrid_extensions" />
        <field name="yp_type" value="900" />
        <field name="yp_optionset_values" value="3" />
        <field name="statecode" value="0" />
        <field name="statuscode" value="1" />
      </record>
      <record id="a6e42f05-62ea-ef11-9342-002248dfa4ee">
        <field name="yp_name" value="⚪Account Related Phone Calls without condition" />
        <field name="yp_editable" value="False" />
        <field name="yp_allow_pin" value="False" />
        <field name="yp_pagridextd_column_definitionid" value="a6e42f05-62ea-ef11-9342-002248dfa4ee" />
        <field name="yp_mode" value="628950001" />
        <field name="yp_parameters" value="{&#xA;  &amp;quot;reference&amp;quot;: &amp;quot;column&amp;quot;,&#xA;  &amp;quot;column&amp;quot;: &amp;quot;yp_accountid&amp;quot;,&#xA;  &amp;quot;viewId&amp;quot;: &amp;quot;00000000-0000-0000-0000-000000000010&amp;quot;,&#xA;  &amp;quot;viewName&amp;quot;: &amp;quot;Related Phone Calls&amp;quot;,&#xA;  &amp;quot;rules&amp;quot;: [&#xA;    {&#xA;      &amp;quot;min&amp;quot;: 1,&#xA;      &amp;quot;max&amp;quot;: 1,&#xA;      &amp;quot;background&amp;quot;: &amp;quot;#A1D6A5&amp;quot;,&#xA;      &amp;quot;color&amp;quot;: &amp;quot;#1F1F1F&amp;quot;,&#xA;      &amp;quot;icon&amp;quot;: &amp;quot;AlertSolid&amp;quot;&#xA;    },&#xA;    {&#xA;      &amp;quot;min&amp;quot;: 2,&#xA;      &amp;quot;max&amp;quot;: 10,&#xA;      &amp;quot;background&amp;quot;: &amp;quot;#E098AF&amp;quot;,&#xA;      &amp;quot;color&amp;quot;: &amp;quot;#1F1F1F&amp;quot;&#xA;    }&#xA;  ],&#xA;  &amp;quot;table&amp;quot;: &amp;quot;phonecall&amp;quot;,&#xA;  &amp;quot;fetchXmlAggregate&amp;quot;: &amp;quot;&amp;lt;fetch version=&amp;#39;1.0&amp;#39; mapping=&amp;#39;logical&amp;#39; distinct=&amp;#39;false&amp;#39; aggregate=&amp;#39;true&amp;#39;&amp;gt;&amp;lt;entity name=&amp;#39;phonecall&amp;#39;&amp;gt;&amp;lt;attribute name=&amp;#39;activityid&amp;#39; alias=&amp;#39;value&amp;#39; aggregate=&amp;#39;count&amp;#39; /&amp;gt;&amp;lt;link-entity name=&amp;#39;account&amp;#39; from=&amp;#39;accountid&amp;#39; to=&amp;#39;regardingobjectid&amp;#39; link-type=&amp;#39;inner&amp;#39; alias=&amp;#39;aa&amp;#39;&amp;gt;&amp;lt;filter type=&amp;#39;and&amp;#39;&amp;gt;&amp;lt;condition attribute=&amp;#39;accountid&amp;#39; operator=&amp;#39;eq&amp;#39; uitype=&amp;#39;#valuetype#&amp;#39; value=&amp;#39;#value#&amp;#39; /&amp;gt;&amp;lt;/filter&amp;gt;&amp;lt;/link-entity&amp;gt;&amp;lt;/entity&amp;gt;&amp;lt;/fetch&amp;gt;&amp;quot;,&#xA;  &amp;quot;fetchXml&amp;quot;: &amp;quot;&amp;lt;fetch version=&amp;#39;1.0&amp;#39; output-format=&amp;#39;xml-platform&amp;#39; mapping=&amp;#39;logical&amp;#39; distinct=&amp;#39;false&amp;#39;&amp;gt;&amp;lt;entity name=&amp;#39;phonecall&amp;#39;&amp;gt;&amp;lt;attribute name=&amp;#39;subject&amp;#39; /&amp;gt;&amp;lt;attribute name=&amp;#39;statecode&amp;#39; /&amp;gt;&amp;lt;attribute name=&amp;#39;prioritycode&amp;#39; /&amp;gt;&amp;lt;attribute name=&amp;#39;scheduledend&amp;#39; /&amp;gt;&amp;lt;attribute name=&amp;#39;createdby&amp;#39; /&amp;gt;&amp;lt;attribute name=&amp;#39;regardingobjectid&amp;#39; /&amp;gt;&amp;lt;attribute name=&amp;#39;activityid&amp;#39; /&amp;gt;&amp;lt;link-entity name=&amp;#39;account&amp;#39; from=&amp;#39;accountid&amp;#39; to=&amp;#39;regardingobjectid&amp;#39; link-type=&amp;#39;inner&amp;#39; alias=&amp;#39;aa&amp;#39;&amp;gt;&amp;lt;filter type=&amp;#39;and&amp;#39;&amp;gt;&amp;lt;condition attribute=&amp;#39;accountid&amp;#39; operator=&amp;#39;eq&amp;#39; uitype=&amp;#39;#valuetype#&amp;#39; value=&amp;#39;#value#&amp;#39; /&amp;gt;&amp;lt;/filter&amp;gt;&amp;lt;/link-entity&amp;gt;&amp;lt;/entity&amp;gt;&amp;lt;/fetch&amp;gt;&amp;quot;,&#xA;  &amp;quot;layoutXml&amp;quot;: &amp;quot;&amp;lt;grid name=&amp;#39;resultset&amp;#39; object=&amp;#39;1&amp;#39; jump=&amp;#39;createdon&amp;#39; select=&amp;#39;1&amp;#39; icon=&amp;#39;1&amp;#39; preview=&amp;#39;1&amp;#39;&amp;gt;&amp;lt;row name=&amp;#39;result&amp;#39; id=&amp;#39;activityid&amp;#39;&amp;gt;&amp;lt;cell name=&amp;#39;createdon&amp;#39; width=&amp;#39;150&amp;#39; /&amp;gt;&amp;lt;cell name=&amp;#39;subject&amp;#39; width=&amp;#39;200&amp;#39; /&amp;gt;&amp;lt;cell name=&amp;#39;prioritycode&amp;#39; width=&amp;#39;100&amp;#39; /&amp;gt;&amp;lt;cell name=&amp;#39;scheduledstart&amp;#39; width=&amp;#39;150&amp;#39; /&amp;gt;&amp;lt;cell name=&amp;#39;scheduledend&amp;#39; width=&amp;#39;150&amp;#39; /&amp;gt;&amp;lt;cell name=&amp;#39;statuscode&amp;#39; width=&amp;#39;100&amp;#39; /&amp;gt;&amp;lt;/row&amp;gt;&amp;lt;/grid&amp;gt;&amp;quot;&#xA;}" />
        <field name="yp_subgrid_column" value="yp_account_phonecalls" />
        <field name="yp_subgrid_name" value="yp_demo_powerappsgrid_extensions" />
        <field name="yp_subgrid_table" value="yp_demo_powerappsgrid_extensions" />
        <field name="yp_type" value="902" />
        <field name="statecode" value="0" />
        <field name="statuscode" value="1" />
      </record>
      <record id="9a35d338-94e2-ef11-9341-6045bd392b55">
        <field name="yp_optionset_criteria" value="5" />
        <field name="yp_name" value="&amp;#128290;Date Time when Number of Employees &amp;gt; 3" />
        <field name="yp_editable" value="True" />
        <field name="yp_allow_pin" value="False" />
        <field name="yp_based_on_optionset_column" value=".numberofemployees" />
        <field name="yp_pagridextd_column_definitionid" value="9a35d338-94e2-ef11-9341-6045bd392b55" />
        <field name="yp_mode" value="628950001" />
        <field name="yp_parameters" value="{&#xA;  &amp;quot;rules&amp;quot;: [&#xA;    {&#xA;      &amp;quot;min&amp;quot;: -10000000000,&#xA;      &amp;quot;max&amp;quot;: 0,&#xA;      &amp;quot;background&amp;quot;: &amp;quot;#E098AF&amp;quot;,&#xA;      &amp;quot;color&amp;quot;: &amp;quot;#1F1F1F&amp;quot;,&#xA;      &amp;quot;label&amp;quot;: &amp;quot;Passed date in minutes&amp;quot;,&#xA;      &amp;quot;icon&amp;quot;: &amp;quot;BufferTimeBefore&amp;quot;&#xA;    },&#xA;    {&#xA;      &amp;quot;min&amp;quot;: 1,&#xA;      &amp;quot;max&amp;quot;: 10080,&#xA;      &amp;quot;background&amp;quot;: &amp;quot;#FAD897&amp;quot;,&#xA;      &amp;quot;color&amp;quot;: &amp;quot;#1F1F1F&amp;quot;,&#xA;      &amp;quot;label&amp;quot;: &amp;quot;Next week in minutes&amp;quot;,&#xA;      &amp;quot;icon&amp;quot;: &amp;quot;BufferTimeBoth&amp;quot;&#xA;    },&#xA;    {&#xA;      &amp;quot;min&amp;quot;: 10081,&#xA;      &amp;quot;max&amp;quot;: 10000000000,&#xA;      &amp;quot;background&amp;quot;: &amp;quot;#A1D6A5&amp;quot;,&#xA;      &amp;quot;color&amp;quot;: &amp;quot;#1F1F1F&amp;quot;,&#xA;      &amp;quot;label&amp;quot;: &amp;quot;After next week in minutes&amp;quot;,&#xA;      &amp;quot;icon&amp;quot;: &amp;quot;BufferTimeAfter&amp;quot;&#xA;    }&#xA;  ]&#xA;}" />
        <field name="yp_subgrid_column" value="yp_datetime" />
        <field name="yp_subgrid_name" value="yp_demo_powerappsgrid_extensions" />
        <field name="yp_subgrid_table" value="yp_demo_powerappsgrid_extensions" />
        <field name="yp_type" value="700" />
        <field name="yp_optionset_values" value="3" />
        <field name="statecode" value="0" />
        <field name="statuscode" value="1" />
      </record>
      <record id="29711877-94e2-ef11-9341-6045bd392b55">
        <field name="yp_optionset_criteria" value="5" />
        <field name="yp_name" value="&amp;#128290;Decimal when Number of Employees &amp;gt; 3" />
        <field name="yp_editable" value="True" />
        <field name="yp_allow_pin" value="False" />
        <field name="yp_based_on_optionset_column" value=".numberofemployees" />
        <field name="yp_pagridextd_column_definitionid" value="29711877-94e2-ef11-9341-6045bd392b55" />
        <field name="yp_mode" value="628950001" />
        <field name="yp_parameters" value="{&#xA;    &amp;quot;type&amp;quot;: &amp;quot;&amp;quot;,&#xA;    &amp;quot;rules&amp;quot;: [&#xA;        {&#xA;            &amp;quot;min&amp;quot;: 0,&#xA;            &amp;quot;max&amp;quot;: 0.25,&#xA;            &amp;quot;background&amp;quot;: &amp;quot;#E098AF&amp;quot;,&#xA;            &amp;quot;color&amp;quot;: &amp;quot;#1F1F1F&amp;quot;,&#xA;            &amp;quot;label&amp;quot;: &amp;quot;2&amp;quot;&#xA;        },&#xA;        {&#xA;            &amp;quot;min&amp;quot;: 0.26,&#xA;            &amp;quot;max&amp;quot;: 0.50,&#xA;            &amp;quot;background&amp;quot;: &amp;quot;#F4B394&amp;quot;,&#xA;            &amp;quot;color&amp;quot;: &amp;quot;#1F1F1F&amp;quot;,&#xA;            &amp;quot;label&amp;quot;: &amp;quot;&amp;quot;&#xA;        },&#xA;        {&#xA;            &amp;quot;min&amp;quot;: 0.51,&#xA;            &amp;quot;max&amp;quot;: 0.75,&#xA;            &amp;quot;background&amp;quot;: &amp;quot;#FAD897&amp;quot;,&#xA;            &amp;quot;color&amp;quot;: &amp;quot;#1F1F1F&amp;quot;,&#xA;            &amp;quot;label&amp;quot;: &amp;quot;&amp;quot;&#xA;        },&#xA;        {&#xA;            &amp;quot;min&amp;quot;: 0.76,&#xA;            &amp;quot;max&amp;quot;: 1,&#xA;            &amp;quot;background&amp;quot;: &amp;quot;#A1D6A5&amp;quot;,&#xA;            &amp;quot;color&amp;quot;: &amp;quot;#1F1F1F&amp;quot;,&#xA;            &amp;quot;label&amp;quot;: &amp;quot;&amp;quot;&#xA;        }&#xA;    ]&#xA;}" />
        <field name="yp_subgrid_column" value="yp_decimal" />
        <field name="yp_subgrid_name" value="yp_demo_powerappsgrid_extensions" />
        <field name="yp_subgrid_table" value="yp_demo_powerappsgrid_extensions" />
        <field name="yp_type" value="701" />
        <field name="yp_optionset_values" value="3" />
        <field name="statecode" value="0" />
        <field name="statuscode" value="1" />
      </record>
      <record id="d63d5d32-95e2-ef11-9341-6045bd392b55">
        <field name="yp_optionset_criteria" value="5" />
        <field name="yp_name" value="&amp;#128290;Integer when Number of Employees &amp;gt; 3" />
        <field name="yp_editable" value="True" />
        <field name="yp_allow_pin" value="False" />
        <field name="yp_based_on_optionset_column" value=".numberofemployees" />
        <field name="yp_pagridextd_column_definitionid" value="d63d5d32-95e2-ef11-9341-6045bd392b55" />
        <field name="yp_mode" value="628950001" />
        <field name="yp_parameters" value="{&#xA;    &amp;quot;type&amp;quot;: &amp;quot;/&amp;quot;,&#xA;    &amp;quot;rules&amp;quot;: [&#xA;        {&#xA;            &amp;quot;min&amp;quot;: 1,&#xA;            &amp;quot;max&amp;quot;: 25,&#xA;            &amp;quot;background&amp;quot;: &amp;quot;#E098AF&amp;quot;,&#xA;            &amp;quot;color&amp;quot;: &amp;quot;#1F1F1F&amp;quot;,&#xA;            &amp;quot;label&amp;quot;: &amp;quot;&amp;quot;&#xA;        },&#xA;        {&#xA;            &amp;quot;min&amp;quot;: 26,&#xA;            &amp;quot;max&amp;quot;: 50,&#xA;            &amp;quot;background&amp;quot;: &amp;quot;#F4B394&amp;quot;,&#xA;            &amp;quot;color&amp;quot;: &amp;quot;#1F1F1F&amp;quot;,&#xA;            &amp;quot;label&amp;quot;: &amp;quot;&amp;quot;&#xA;        },&#xA;        {&#xA;            &amp;quot;min&amp;quot;: 51,&#xA;            &amp;quot;max&amp;quot;: 75,&#xA;            &amp;quot;background&amp;quot;: &amp;quot;#FAD897&amp;quot;,&#xA;            &amp;quot;color&amp;quot;: &amp;quot;#1F1F1F&amp;quot;,&#xA;            &amp;quot;label&amp;quot;: &amp;quot;&amp;quot;&#xA;        },&#xA;        {&#xA;            &amp;quot;min&amp;quot;: 76,&#xA;            &amp;quot;max&amp;quot;: 500,&#xA;            &amp;quot;background&amp;quot;: &amp;quot;#A1D6A5&amp;quot;,&#xA;            &amp;quot;color&amp;quot;: &amp;quot;#1F1F1F&amp;quot;,&#xA;            &amp;quot;label&amp;quot;: &amp;quot;&amp;quot;&#xA;        }&#xA;    ]&#xA;}" />
        <field name="yp_subgrid_column" value="yp_integer" />
        <field name="yp_subgrid_name" value="yp_demo_powerappsgrid_extensions" />
        <field name="yp_subgrid_table" value="yp_demo_powerappsgrid_extensions" />
        <field name="yp_type" value="701" />
        <field name="yp_optionset_values" value="3" />
        <field name="statecode" value="0" />
        <field name="statuscode" value="1" />
      </record>
      <record id="a13b1184-95e2-ef11-9341-6045bd392b55">
        <field name="yp_optionset_criteria" value="5" />
        <field name="yp_name" value="&amp;#128290;Currency when Number of Employees &amp;gt; 3" />
        <field name="yp_editable" value="True" />
        <field name="yp_allow_pin" value="False" />
        <field name="yp_based_on_optionset_column" value=".numberofemployees" />
        <field name="yp_pagridextd_column_definitionid" value="a13b1184-95e2-ef11-9341-6045bd392b55" />
        <field name="yp_mode" value="628950001" />
        <field name="yp_parameters" value="{&#xA;    &amp;quot;rules&amp;quot;: [&#xA;        {&#xA;            &amp;quot;min&amp;quot;: -10000000000,&#xA;            &amp;quot;max&amp;quot;: -1,&#xA;            &amp;quot;background&amp;quot;: &amp;quot;#E098AF&amp;quot;,&#xA;            &amp;quot;color&amp;quot;: &amp;quot;#1F1F1F&amp;quot;,&#xA;            &amp;quot;label&amp;quot;: &amp;quot;Positive&amp;quot;,&#xA;            &amp;quot;icon&amp;quot;: &amp;quot;ArrowTallDownLeft&amp;quot;&#xA;        },&#xA;        {&#xA;            &amp;quot;min&amp;quot;: 0,&#xA;            &amp;quot;max&amp;quot;: 0,&#xA;            &amp;quot;background&amp;quot;: &amp;quot;transparent&amp;quot;,&#xA;            &amp;quot;color&amp;quot;: &amp;quot;#666666&amp;quot;&#xA;        },&#xA;        {&#xA;            &amp;quot;min&amp;quot;: 1,&#xA;            &amp;quot;max&amp;quot;: 10000000000,&#xA;            &amp;quot;background&amp;quot;: &amp;quot;#A1D6A5&amp;quot;,&#xA;            &amp;quot;color&amp;quot;: &amp;quot;#1F1F1F&amp;quot;,&#xA;            &amp;quot;label&amp;quot;: &amp;quot;Negative&amp;quot;,&#xA;            &amp;quot;icon&amp;quot;: &amp;quot;ArrowTallUpRight&amp;quot;&#xA;        }&#xA;    ]&#xA;}" />
        <field name="yp_subgrid_column" value="yp_currency" />
        <field name="yp_subgrid_name" value="yp_demo_powerappsgrid_extensions" />
        <field name="yp_subgrid_table" value="yp_demo_powerappsgrid_extensions" />
        <field name="yp_type" value="700" />
        <field name="yp_optionset_values" value="3" />
        <field name="statecode" value="0" />
        <field name="statuscode" value="1" />
      </record>
      <record id="a15cc087-93e2-ef11-9341-6045bd3c84cc">
        <field name="yp_name" value="Read-Only" />
        <field name="yp_pagridextd_column_definitionid" value="a15cc087-93e2-ef11-9341-6045bd3c84cc" />
        <field name="yp_mode" value="628950001" />
        <field name="yp_subgrid_column" value="yp_text" />
        <field name="yp_subgrid_name" value="subgrid_unique_name" />
        <field name="yp_subgrid_table" value="yp_demo_powerappsgrid_extensions" />
        <field name="yp_type" value="901" />
        <field name="statecode" value="1" />
        <field name="statuscode" value="2" />
      </record>
    </records>
    <m2mrelationships />
  </entity>
</entities>