<appaction uniquename="yp__Close!ebea002c7cc24a218bc9f434b1295862!yp_yopowerLearningUseCase!yp_ticket!0">
  <appmoduleid>
    <uniquename>yp_yopowerLearningUseCase</uniquename>
  </appmoduleid>
  <buttonlabeltext default="Close">
    <label description="Close" languagecode="1033" />
  </buttonlabeltext>
  <context>1</context>
  <contextentity>
    <logicalname>yp_ticket</logicalname>
  </contextentity>
  <contextvalue>yp_ticket</contextvalue>
  <fonticon>$clientsvg:Accept</fonticon>
  <hidden>0</hidden>
  <iscustomizable>1</iscustomizable>
  <isdisabled>0</isdisabled>
  <isgrouptitlehidden>0</isgrouptitlehidden>
  <location>0</location>
  <name>Close!ebea002c7cc24a218bc9f434b1295862</name>
  <onclickeventjavascriptfunctionname>yp_ticket.closeTicket</onclickeventjavascriptfunctionname>
  <onclickeventjavascriptparameters>[{"type":5}]</onclickeventjavascriptparameters>
  <onclickeventjavascriptwebresourceid>
    <webresourceid>3259627b-1029-ef11-840b-0022483630cc</webresourceid>
  </onclickeventjavascriptwebresourceid>
  <onclickeventtype>2</onclickeventtype>
  <origin>0</origin>
  <sequence>2.0000000000</sequence>
  <statecode>0</statecode>
  <statuscode>1</statuscode>
  <type>0</type>
  <visibilityformulacomponentlibraryid>
    <name>yp_yopowerlearningusecasedefaultcommandlibrary_ac5ca</name>
  </visibilityformulacomponentlibraryid>
  <visibilityformulacomponentname>2d0a55cfbdca45149ba2761ce2f58284</visibilityformulacomponentname>
  <visibilityformulafunctionname>Visible</visibilityformulafunctionname>
  <visibilitytype>1</visibilitytype>
</appaction>