﻿{
  "suppressINotifyPattern": true,
  "suppressGeneratedCodeAttribute": true,
  "language": "CS",
  "namespace": "yp_learning_plugins.earlybound",
  "serviceContextName": "CrmServiceContext",
  "generateActions": false,
  "generateGlobalOptionSets": false,
  "emitFieldsClasses": true,
  "entityTypesFolder": "entities",
  "messagesTypesFolder": "messages",
  "optionSetsTypesFolder": "optionSets",
  "entityNamesFilter": [
    "businessunit",
    "entitydataprovider",
    "entitydatasource",
    "languagelocale",
    "organization",
    "role",
    "systemuser",
    "systemuserroles",
    "team",
    "teammembership",
    "teamroles",
    "usersettings",
    "webresource",
    "yp_checklist",
    "yp_checklist_item",
    "yp_customapi_authkey",
    "yp_customer",
    "yp_question",
    "yp_sample",
    "yp_subject",
    "yp_ticket",
    "yp_ticket_item",
    "yp_ticket_tracking"
  ],
  "messageNamesFilter": [
    "AIReply",
    "AIClassify",
    "AIExtract",
    "AISentiment",
    "AISummarize",
    "AISummarizeRecord",
    "AITranslate",
    "SendAppNotification"
  ]
}