<customapi uniquename="yp_get_tickets">
  <allowedcustomprocessingsteptype>0</allowedcustomprocessingsteptype>
  <bindingtype>0</bindingtype>
  <description default="⚡Get Tickets">
    <label description="⚡Get Tickets" languagecode="1033" />
  </description>
  <displayname default="⚡Get Tickets">
    <label description="⚡Get Tickets" languagecode="1033" />
  </displayname>
  <executeprivilegename>prvAppendToyp_out_of_nowhere</executeprivilegename>
  <iscustomizable>1</iscustomizable>
  <isfunction>0</isfunction>
  <isprivate>0</isprivate>
  <name>yp_get_tickets</name>
  <workflowsdkstepenabled>0</workflowsdkstepenabled>
</customapi>