<customapi uniquename="yp_post_run_query">
  <allowedcustomprocessingsteptype>0</allowedcustomprocessingsteptype>
  <bindingtype>0</bindingtype>
  <description default="⚡Run Query">
    <label description="⚡Run Query" languagecode="1033" />
  </description>
  <displayname default="⚡Run Query">
    <label description="⚡Run Query" languagecode="1033" />
  </displayname>
  <iscustomizable>1</iscustomizable>
  <isfunction>0</isfunction>
  <isprivate>0</isprivate>
  <name>yp_post_run_query</name>
  <plugintypeid>
    <plugintypeexportkey>7683c3fe-d715-42af-aab9-2e9bb5294f7d</plugintypeexportkey>
  </plugintypeid>
  <workflowsdkstepenabled>0</workflowsdkstepenabled>
</customapi>